id,company_id,partner_id,consultant_id,status,is_outbound,created_date,updated_date
1,385,4,4,successful,0,2020-09-01,2020-09-01
2,390,7,8,successful,0,2020-09-03,2020-09-03
3,387,7,8,successful,0,2020-09-03,2020-09-03
4,385,7,8,successful,0,2020-09-03,2020-09-03
5,331,8,9,successful,0,2020-09-03,2020-09-03
6,364,8,11,successful,0,2020-09-03,2020-09-03
7,362,8,11,successful,0,2020-09-03,2020-09-04
8,373,8,13,successful,0,2020-09-03,2020-09-03
9,394,8,14,disinterested,0,2020-09-03,2020-12-09
10,396,8,12,successful,0,2020-09-03,2020-09-03
11,401,7,8,successful,0,2020-09-04,2020-09-04
12,0,6,7,successful,0,2020-09-04,2020-09-24
13,0,6,7,successful,0,2020-09-04,2020-09-04
14,357,7,8,successful,0,2020-09-07,2020-09-07
15,0,7,8,successful,0,2020-09-10,2020-09-10
16,378,7,8,successful,0,2020-09-10,2020-09-10
17,437,7,8,successful,0,2020-09-11,2020-09-11
18,0,7,8,pending,0,2020-09-11,2020-09-11
19,444,6,7,successful,0,2020-09-14,2020-09-14
20,446,7,8,successful,0,2020-09-14,2020-09-14
21,0,2,16,successful,0,2020-09-14,2020-09-14
22,457,7,8,successful,0,2020-09-15,2020-09-15
23,330,7,8,successful,0,2020-09-15,2020-09-15
24,433,7,8,successful,0,2020-09-15,2020-09-15
25,325,6,7,successful,0,2020-09-15,2020-09-24
26,0,10,17,successful,0,2020-09-15,2020-09-15
27,345,9,19,successful,0,2020-09-15,2020-09-15
28,388,7,8,successful,0,2020-09-15,2020-09-15
29,0,6,7,successful,0,2020-09-17,2020-09-17
30,304,6,7,successful,0,2020-09-17,2020-09-24
31,233,7,8,successful,0,2020-09-17,2020-09-17
32,245,13,24,successful,0,2020-09-17,2020-09-17
33,246,13,24,successful,0,2020-09-17,2020-09-17
34,260,7,8,successful,0,2020-09-17,2020-09-24
35,261,7,8,successful,0,2020-09-17,2020-09-17
36,300,2,3,successful,0,2020-09-17,2020-09-17
37,377,2,2,pending,0,2020-09-17,2020-09-17
38,461,2,16,successful,0,2020-09-17,2020-09-17
39,468,14,26,successful,0,2020-09-17,2020-09-17
40,384,14,26,successful,0,2020-09-17,2020-09-17
41,467,15,27,successful,0,2020-09-17,2020-09-17
42,435,15,27,successful,0,2020-09-17,2020-09-17
43,371,14,26,successful,0,2020-09-17,2020-09-17
44,374,14,26,successful,0,2020-09-17,2020-09-17
45,375,14,26,successful,0,2020-09-17,2020-09-17
46,376,14,26,successful,0,2020-09-17,2020-09-17
47,372,14,26,successful,0,2020-09-17,2020-09-17
48,434,7,8,successful,0,2020-09-17,2020-09-17
49,458,6,7,successful,0,2020-09-17,2020-09-17
50,471,7,8,successful,0,2020-09-18,2020-09-18
51,465,6,7,successful,0,2020-09-18,2020-09-18
52,454,8,28,successful,0,2020-09-18,2020-09-18
53,410,7,8,successful,0,2020-09-18,2020-09-18
54,469,7,8,successful,0,2020-09-18,2020-09-18
55,0,17,29,successful,0,2020-09-21,2020-09-21
56,474,17,30,successful,0,2020-09-21,2020-09-21
57,478,18,31,successful,0,2020-09-21,2020-09-21
58,477,18,33,successful,0,2020-09-21,2020-09-21
59,481,7,8,successful,0,2020-09-22,2020-09-22
60,482,8,34,successful,0,2020-09-22,2020-09-22
61,483,19,35,disinterested,0,2020-09-22,2020-11-26
62,0,6,37,successful,0,2020-09-22,2020-09-22
63,0,7,8,successful,0,2020-09-22,2020-09-22
64,0,20,38,successful,0,2020-09-22,2020-09-22
65,0,7,8,successful,0,2020-09-23,2020-09-23
66,485,7,8,successful,0,2020-09-24,2020-09-24
67,0,6,7,successful,0,2020-09-26,2020-10-07
68,354,7,8,successful,0,2020-09-26,2020-09-26
69,492,7,8,successful,0,2020-09-26,2020-09-26
70,0,7,8,successful,0,2020-09-26,2020-10-07
71,359,7,8,successful,0,2020-09-28,2020-09-28
72,0,25,44,successful,0,2020-09-29,2020-09-29
73,490,6,36,successful,0,2020-09-29,2020-10-07
74,392,14,26,successful,0,2020-09-29,2020-09-29
75,505,7,8,pending,0,2020-09-29,2020-09-29
76,498,7,8,pending,0,2020-09-29,2020-09-29
77,0,13,45,successful,0,2020-09-29,2020-09-30
78,470,26,46,successful,0,2020-09-29,2020-09-29
79,511,7,8,successful,0,2020-09-30,2020-09-30
80,508,7,8,successful,0,2020-09-30,2020-09-30
81,0,7,8,successful,0,2020-09-30,2020-09-30
82,515,27,47,successful,0,2020-10-01,2020-10-01
83,0,27,47,successful,0,2020-10-01,2020-10-06
84,411,27,47,successful,0,2020-10-01,2020-10-01
85,472,6,7,successful,0,2020-10-01,2020-10-01
86,223,27,47,successful,0,2020-10-01,2020-10-01
87,438,14,26,successful,0,2020-10-01,2020-10-01
88,443,28,48,successful,0,2020-10-01,2020-10-01
89,456,6,36,successful,0,2020-10-01,2020-10-01
90,453,6,7,successful,0,2020-10-01,2020-10-01
91,452,18,31,successful,0,2020-10-01,2020-10-01
92,448,29,50,successful,0,2020-10-01,2020-10-01
93,0,30,51,successful,0,2020-10-01,2020-10-01
94,0,30,51,successful,0,2020-10-01,2020-10-01
95,0,30,51,successful,0,2020-10-01,2020-10-01
96,463,31,52,successful,0,2020-10-01,2020-10-01
97,455,32,53,successful,0,2020-10-01,2020-10-01
98,529,6,7,successful,0,2020-10-03,2020-10-12
99,0,7,8,pending,0,2020-10-05,2020-10-05
100,517,7,8,successful,0,2020-10-05,2020-10-06
101,519,7,8,successful,0,2020-10-05,2020-10-05
102,522,7,8,successful,0,2020-10-05,2020-10-05
103,531,33,54,successful,0,2020-10-05,2020-10-05
104,521,21,39,successful,0,2020-10-05,2020-10-05
105,497,21,39,successful,0,2020-10-05,2020-10-05
106,528,7,8,successful,0,2020-10-05,2020-10-05
107,501,7,8,successful,0,2020-10-05,2020-10-05
108,502,7,8,successful,0,2020-10-05,2020-10-05
109,303,29,50,successful,0,2020-10-06,2020-10-06
110,318,34,55,successful,0,2020-10-06,2020-10-06
111,287,6,7,successful,0,2020-10-06,2020-10-06
112,370,7,8,disinterested,0,2020-10-06,2020-12-09
113,0,21,39,successful,0,2020-10-07,2020-10-07
114,524,7,8,successful,0,2020-10-07,2020-10-07
115,532,7,8,successful,0,2020-10-07,2020-10-07
116,537,7,8,successful,0,2020-10-07,2020-10-07
117,533,7,8,successful,0,2020-10-07,2020-10-07
118,518,7,8,successful,0,2020-10-07,2020-10-07
119,475,7,8,successful,0,2020-10-08,2020-10-08
120,391,7,8,successful,0,2020-10-08,2020-10-08
121,496,7,8,successful,0,2020-10-08,2020-10-23
122,251,7,8,successful,0,2020-10-11,2020-10-11
123,552,35,60,successful,0,2020-10-12,2020-10-12
124,541,7,8,successful,0,2020-10-12,2020-10-12
125,550,7,8,successful,0,2020-10-12,2020-10-12
126,543,22,40,successful,0,2020-10-12,2020-10-27
127,546,7,8,successful,0,2020-10-12,2020-10-12
128,549,22,40,disinterested,0,2020-10-12,2020-11-13
129,554,7,8,successful,0,2020-10-12,2020-10-12
130,555,7,8,successful,0,2020-10-12,2020-10-12
131,556,32,53,successful,0,2020-10-12,2020-10-12
132,553,7,8,successful,0,2020-10-12,2020-10-12
133,540,8,9,successful,0,2020-10-12,2020-10-12
134,0,36,61,successful,0,2020-10-12,2020-10-12
135,0,7,8,successful,0,2020-10-13,2020-10-21
136,558,7,8,successful,0,2020-10-13,2020-10-13
137,557,6,7,successful,0,2020-10-13,2020-10-20
138,0,7,8,successful,0,2020-10-13,2020-10-13
139,565,7,8,successful,0,2020-10-14,2020-10-14
140,561,7,8,successful,0,2020-10-14,2020-10-14
141,564,7,8,successful,0,2020-10-14,2020-10-14
142,566,7,8,successful,0,2020-10-14,2020-10-14
143,567,7,8,successful,0,2020-10-14,2020-10-14
144,0,7,8,successful,0,2020-10-14,2020-10-20
145,551,7,8,successful,0,2020-10-15,2020-10-15
146,573,7,8,successful,0,2020-10-15,2020-10-15
147,198,6,7,successful,0,2020-10-15,2020-11-20
148,538,7,8,successful,0,2020-10-15,2020-10-15
149,576,7,8,successful,0,2020-10-16,2020-10-16
150,0,38,65,successful,0,2020-10-16,2020-10-16
151,578,38,65,successful,0,2020-10-16,2020-10-16
152,0,38,65,successful,0,2020-10-16,2020-10-16
153,580,38,65,successful,0,2020-10-16,2020-10-16
154,581,38,65,successful,0,2020-10-16,2020-10-16
155,582,7,8,successful,0,2020-10-16,2020-10-16
156,581,39,66,successful,0,2020-10-16,2020-10-16
157,583,21,39,successful,0,2020-10-16,2020-10-16
158,0,7,8,successful,0,2020-10-16,2020-10-16
159,595,17,29,successful,0,2020-10-19,2020-10-19
160,0,31,52,successful,0,2020-10-19,2020-10-19
161,0,20,38,successful,0,2020-10-19,2020-10-19
162,0,20,38,successful,0,2020-10-19,2020-10-19
163,592,7,8,successful,0,2020-10-19,2020-10-19
164,0,27,67,successful,0,2020-10-19,2020-10-19
165,131,6,36,successful,0,2020-10-19,2020-10-19
166,0,27,67,successful,0,2020-10-19,2020-10-22
167,365,34,55,successful,0,2020-10-20,2020-10-20
168,598,7,8,successful,0,2020-10-20,2020-10-20
169,608,10,17,successful,0,2020-10-21,2020-10-21
170,591,7,8,successful,0,2020-10-21,2020-10-29
171,621,22,40,successful,0,2020-10-22,2020-10-22
172,381,42,70,successful,0,2020-10-22,2020-10-22
173,516,42,72,successful,0,2020-10-22,2020-10-22
174,0,21,39,pending,0,2020-10-22,2020-10-22
175,369,14,26,successful,0,2020-10-22,2020-10-22
176,431,27,47,successful,0,2020-10-22,2020-10-22
177,0,42,72,pending,0,2020-10-22,2020-10-22
178,491,6,7,successful,0,2020-10-22,2020-10-22
179,0,23,41,pending,0,2020-10-22,2020-10-22
180,386,7,8,successful,0,2020-10-22,2020-10-22
181,383,7,8,successful,0,2020-10-22,2020-10-22
182,619,7,8,successful,0,2020-10-22,2020-10-22
183,612,7,8,successful,0,2020-10-22,2020-10-22
184,600,22,40,successful,0,2020-10-22,2020-10-22
185,611,21,39,successful,0,2020-10-22,2020-10-22
186,572,7,8,successful,0,2020-10-22,2020-10-22
187,562,26,46,successful,0,2020-10-22,2020-10-22
188,389,7,8,successful,0,2020-10-22,2020-10-22
189,605,7,8,successful,0,2020-10-22,2020-10-22
190,0,7,8,successful,0,2020-10-22,2020-11-10
191,353,21,39,successful,0,2020-10-22,2020-10-22
192,403,42,69,successful,0,2020-10-22,2020-10-22
193,544,7,8,successful,0,2020-10-22,2020-10-22
194,620,7,8,successful,0,2020-10-22,2020-10-22
195,352,7,8,successful,0,2020-10-22,2020-10-22
196,355,7,8,successful,0,2020-10-22,2020-10-22
197,358,7,8,successful,0,2020-10-22,2020-10-22
198,361,7,8,successful,0,2020-10-22,2020-10-22
199,360,7,8,successful,0,2020-10-22,2020-10-22
200,393,7,8,successful,0,2020-10-22,2020-10-22
201,0,7,8,successful,0,2020-10-22,2020-10-22
202,0,27,67,successful,0,2020-10-22,2020-11-10
203,0,27,67,successful,0,2020-10-23,2020-10-28
204,264,6,7,successful,0,2020-10-23,2020-10-23
205,266,7,8,successful,0,2020-10-23,2020-10-23
206,283,7,8,successful,0,2020-10-23,2020-10-23
207,286,7,8,successful,0,2020-10-23,2020-10-23
208,301,7,8,successful,0,2020-10-23,2020-10-23
209,305,7,8,successful,0,2020-10-23,2020-10-23
210,308,7,8,successful,0,2020-10-23,2020-10-23
211,351,6,7,successful,0,2020-10-23,2020-10-23
212,324,7,8,successful,0,2020-10-23,2020-10-23
213,0,7,8,pending,0,2020-10-23,2020-10-23
214,356,7,8,successful,0,2020-10-23,2020-10-23
215,367,7,8,successful,0,2020-10-23,2020-10-23
216,258,27,47,successful,0,2020-10-24,2020-10-24
217,0,21,39,successful,0,2020-10-26,2020-11-05
218,562,26,73,successful,0,2020-10-26,2020-10-26
219,601,7,8,successful,0,2020-10-26,2020-10-26
220,609,41,68,successful,0,2020-10-26,2020-10-26
221,629,43,74,successful,0,2020-10-26,2020-10-26
222,637,7,8,successful,0,2020-10-27,2020-10-27
223,632,32,53,successful,0,2020-10-27,2020-10-27
224,635,7,8,successful,0,2020-10-27,2020-10-27
225,633,7,8,successful,0,2020-10-27,2020-10-27
226,636,7,8,successful,0,2020-10-27,2020-10-27
227,0,7,8,successful,0,2020-10-28,2020-10-28
228,642,7,8,successful,0,2020-10-29,2020-10-29
229,440,16,78,successful,0,2020-10-29,2020-10-29
230,235,47,79,successful,0,2020-10-29,2020-10-29
231,243,48,80,successful,0,2020-10-29,2020-10-29
232,252,49,81,successful,0,2020-10-29,2020-10-29
233,227,49,81,successful,0,2020-10-29,2020-10-29
234,216,49,81,successful,0,2020-10-29,2020-10-29
235,217,49,81,successful,0,2020-10-29,2020-10-29
236,503,8,28,successful,0,2020-10-29,2020-10-29
237,0,19,35,disinterested,0,2020-10-29,2020-11-26
238,221,19,35,successful,0,2020-10-29,2020-10-29
239,616,50,82,successful,0,2020-10-29,2020-10-29
240,615,50,82,successful,0,2020-10-29,2020-10-29
241,618,50,82,successful,0,2020-10-29,2020-10-29
242,604,52,83,successful,0,2020-10-29,2020-10-29
243,628,51,84,successful,0,2020-10-29,2020-10-29
244,631,51,84,successful,0,2020-10-29,2020-10-29
245,530,51,84,successful,0,2020-10-30,2020-10-30
246,525,51,84,successful,0,2020-10-30,2020-10-30
247,623,51,84,successful,0,2020-10-30,2020-10-30
248,630,51,84,successful,0,2020-10-30,2020-10-30
249,0,51,84,successful,0,2020-10-30,2020-10-30
250,0,51,84,successful,0,2020-10-30,2020-11-03
251,563,50,82,successful,0,2020-10-30,2020-10-30
252,155,6,36,successful,0,2020-10-30,2020-10-30
253,154,6,7,successful,0,2020-10-30,2020-10-30
254,414,52,83,successful,0,2020-10-30,2020-10-30
255,165,32,85,successful,0,2020-10-30,2020-10-30
256,206,32,85,successful,0,2020-10-30,2020-10-30
257,646,7,8,successful,0,2020-10-30,2020-10-30
258,617,50,82,successful,0,2020-10-30,2020-10-30
259,0,7,8,successful,0,2020-10-31,2020-10-31
260,0,7,8,successful,0,2020-11-01,2020-11-01
261,0,7,8,pending,0,2020-11-02,2020-11-02
262,645,12,25,successful,0,2020-11-02,2020-11-02
263,0,6,7,successful,0,2020-11-02,2020-11-04
264,0,32,85,successful,0,2020-11-03,2020-11-03
265,657,54,89,successful,0,2020-11-03,2020-11-03
266,658,7,8,successful,0,2020-11-03,2020-11-03
267,659,29,50,successful,0,2020-11-03,2020-11-04
268,409,27,47,successful,0,2020-11-05,2020-11-05
269,536,27,47,successful,0,2020-11-05,2020-11-05
270,0,44,76,successful,0,2020-11-05,2020-11-05
271,0,44,76,successful,0,2020-11-05,2020-11-05
272,0,43,74,successful,0,2020-11-05,2020-11-05
273,127,6,36,successful,0,2020-11-06,2020-11-06
274,0,6,7,successful,0,2020-11-07,2020-11-07
275,673,7,8,successful,0,2020-11-07,2020-11-07
276,673,21,39,successful,0,2020-11-07,2020-11-07
277,0,32,90,successful,0,2020-11-09,2020-11-15
278,0,27,67,successful,0,2020-11-09,2020-11-10
279,663,7,8,successful,0,2020-11-10,2020-11-10
280,0,6,36,successful,0,2020-11-10,2020-11-10
281,0,6,36,successful,0,2020-11-10,2020-11-10
282,649,11,18,successful,0,2020-11-10,2020-11-10
283,647,11,18,successful,0,2020-11-10,2020-11-10
284,504,7,8,successful,0,2020-11-10,2021-03-08
285,499,7,8,successful,0,2020-11-10,2020-11-10
286,674,7,8,successful,0,2020-11-10,2020-11-10
287,0,7,8,successful,0,2020-11-10,2020-11-10
288,0,7,8,successful,0,2020-11-10,2020-11-10
289,0,55,91,successful,0,2020-11-10,2020-11-17
290,0,6,36,successful,0,2020-11-11,2020-11-11
291,666,7,8,successful,0,2020-11-12,2020-11-12
292,686,2,16,successful,0,2020-11-13,2020-11-13
293,688,2,16,successful,0,2020-11-13,2020-11-13
294,0,57,93,successful,0,2020-11-13,2020-11-13
295,0,58,94,successful,0,2020-11-13,2020-11-13
296,687,7,8,successful,0,2020-11-13,2020-11-13
297,661,7,8,successful,0,2020-11-13,2020-11-13
298,662,7,8,successful,0,2020-11-13,2020-11-13
299,656,7,8,successful,0,2020-11-13,2020-11-13
300,594,7,8,successful,0,2020-11-13,2020-11-13
301,648,24,42,successful,0,2020-11-13,2020-11-13
302,0,22,40,disinterested,0,2020-11-13,2021-02-24
303,678,44,76,successful,0,2020-11-13,2020-11-13
304,677,44,76,successful,0,2020-11-13,2020-11-13
305,685,41,95,successful,0,2020-11-13,2020-11-13
306,0,6,7,successful,0,2020-11-15,2020-11-15
307,0,54,89,successful,0,2020-11-15,2020-11-15
308,689,51,84,successful,0,2020-11-16,2020-11-16
309,0,7,8,successful,0,2020-11-16,2020-11-21
310,696,22,40,successful,0,2020-11-17,2020-11-17
311,697,22,40,successful,0,2020-11-17,2020-11-17
312,606,7,8,successful,0,2020-11-17,2020-11-17
313,624,7,8,successful,0,2020-11-17,2020-11-17
314,625,7,8,successful,0,2020-11-17,2020-11-17
315,626,22,40,successful,0,2020-11-17,2020-11-17
316,644,22,40,successful,0,2020-11-17,2020-11-17
317,638,7,8,successful,0,2020-11-17,2020-11-17
318,599,7,8,successful,0,2020-11-17,2020-11-17
319,650,7,8,successful,0,2020-11-17,2020-11-17
320,698,7,8,successful,0,2020-11-17,2020-11-17
321,684,8,9,successful,0,2020-11-17,2020-11-17
322,639,7,8,successful,0,2020-11-17,2020-11-17
323,627,7,8,successful,0,2020-11-17,2020-11-17
324,588,7,8,pending,0,2020-11-17,2020-11-17
325,587,7,8,successful,0,2020-11-17,2020-11-17
326,670,7,8,successful,0,2020-11-17,2020-11-17
327,655,7,8,successful,0,2020-11-17,2020-11-17
328,589,7,8,successful,0,2020-11-17,2020-11-17
329,695,7,8,successful,0,2020-11-17,2020-11-17
330,702,2,2,successful,0,2020-11-17,2020-11-17
331,702,13,22,successful,0,2020-11-17,2020-11-17
332,672,21,39,successful,0,2020-11-17,2020-11-17
333,704,60,96,successful,0,2020-11-17,2020-11-17
334,486,51,84,successful,0,2020-11-17,2020-11-17
335,705,7,8,successful,0,2020-11-17,2020-11-17
336,706,11,18,successful,0,2020-11-18,2020-11-18
337,514,21,39,successful,0,2020-11-18,2020-11-18
338,707,62,101,successful,0,2020-11-18,2020-11-18
339,0,24,42,disinterested,0,2020-11-18,2020-12-02
340,0,7,8,pending,0,2020-11-20,2020-11-20
341,0,26,46,disinterested,0,2020-11-20,2020-11-25
342,0,13,45,successful,0,2020-11-20,2020-11-20
343,709,21,39,successful,0,2020-11-20,2020-11-20
344,691,63,103,successful,0,2020-11-20,2020-11-20
345,0,64,104,successful,0,2020-11-20,2020-11-20
346,291,65,105,successful,0,2020-11-20,2020-11-20
347,714,63,103,successful,0,2020-11-20,2020-11-20
348,671,51,84,successful,0,2020-11-20,2020-11-20
349,690,51,84,successful,0,2020-11-20,2020-11-20
350,719,7,8,successful,0,2020-11-22,2020-11-22
351,0,6,7,successful,0,2020-11-22,2021-01-06
352,716,7,8,successful,0,2020-11-22,2020-11-22
353,486,7,8,successful,0,2020-11-22,2020-11-22
354,708,7,8,successful,0,2020-11-22,2020-11-22
355,703,7,8,successful,0,2020-11-23,2020-11-23
356,711,72,113,successful,0,2020-11-23,2020-11-24
357,720,82,126,successful,0,2020-11-23,2020-11-23
358,721,63,129,successful,0,2020-11-23,2020-11-23
359,0,6,135,successful,0,2020-11-24,2020-11-25
360,0,7,8,disinterested,0,2020-11-24,2020-11-24
361,0,83,136,successful,0,2020-11-24,2020-11-24
362,0,6,37,successful,0,2020-11-25,2020-12-16
363,723,7,8,successful,0,2020-11-25,2020-11-25
364,731,62,101,successful,0,2020-11-25,2020-11-25
365,728,26,46,successful,0,2020-11-25,2020-11-25
366,732,7,8,successful,0,2020-11-26,2020-11-26
367,0,7,8,successful,0,2020-11-26,2020-11-30
368,0,43,74,successful,0,2020-11-26,2020-11-27
369,0,24,42,successful,0,2020-11-26,2020-11-26
370,734,7,8,successful,0,2020-11-26,2020-11-26
371,733,24,42,successful,0,2020-11-26,2020-11-26
372,0,22,40,successful,0,2020-11-27,2020-11-27
373,729,14,26,successful,0,2020-11-27,2020-11-27
374,712,21,39,successful,0,2020-11-27,2020-11-27
375,0,7,8,disinterested,0,2020-11-27,2021-02-18
376,270,7,8,successful,0,2020-11-29,2020-11-29
377,640,7,8,successful,0,2020-11-29,2020-11-29
378,742,7,8,successful,0,2020-11-29,2020-11-29
379,671,7,8,successful,0,2020-12-01,2020-12-01
380,747,24,42,successful,0,2020-12-01,2020-12-01
381,0,6,36,pending,0,2020-12-02,2020-12-02
382,745,23,41,successful,0,2020-12-02,2020-12-02
383,0,21,39,successful,0,2020-12-02,2020-12-02
384,0,24,42,successful,0,2020-12-02,2020-12-02
385,749,63,129,successful,0,2020-12-02,2020-12-02
386,412,7,8,disinterested,0,2020-12-03,2020-12-27
387,0,7,8,successful,0,2020-12-03,2020-12-12
388,0,50,157,pending,0,2020-12-03,2020-12-03
389,753,21,39,successful,0,2020-12-04,2020-12-04
390,0,100,158,disinterested,0,2020-12-04,2021-01-13
391,748,7,8,successful,0,2020-12-04,2020-12-04
392,741,22,40,successful,0,2020-12-05,2020-12-22
393,754,21,39,disinterested,0,2020-12-05,2021-01-05
394,0,54,89,successful,0,2020-12-05,2020-12-05
395,746,51,84,successful,0,2020-12-06,2020-12-06
396,744,22,40,successful,0,2020-12-07,2020-12-07
397,0,6,161,successful,0,2020-12-07,2020-12-09
398,0,24,42,successful,0,2020-12-07,2020-12-07
399,756,22,40,successful,0,2020-12-08,2020-12-08
400,758,7,8,successful,0,2020-12-09,2020-12-09
401,0,6,36,successful,0,2020-12-10,2020-12-10
402,740,7,8,successful,0,2020-12-10,2020-12-10
403,763,7,8,successful,0,2020-12-10,2020-12-10
404,765,7,8,successful,0,2020-12-10,2020-12-10
405,0,100,158,disinterested,0,2020-12-10,2021-01-18
406,767,54,89,successful,0,2020-12-11,2020-12-11
407,769,7,8,successful,0,2020-12-11,2020-12-11
408,772,21,39,successful,0,2020-12-12,2020-12-12
409,774,6,36,successful,0,2020-12-12,2020-12-12
410,775,66,106,successful,0,2020-12-12,2020-12-12
411,0,6,7,successful,0,2020-12-12,2020-12-12
412,777,6,36,successful,0,2020-12-13,2020-12-13
413,778,6,36,successful,0,2020-12-14,2020-12-16
414,0,21,39,pending,0,2020-12-14,2020-12-14
415,0,27,67,successful,0,2020-12-14,2020-12-15
416,310,29,50,successful,0,2020-12-14,2020-12-14
417,779,24,42,successful,0,2020-12-14,2020-12-14
418,768,24,42,successful,0,2020-12-15,2020-12-15
419,752,51,84,successful,0,2020-12-15,2020-12-15
420,771,128,187,successful,0,2020-12-15,2020-12-15
421,761,129,188,successful,0,2020-12-15,2020-12-15
422,773,13,45,successful,0,2020-12-15,2020-12-15
423,0,51,84,pending,0,2020-12-15,2020-12-15
424,0,22,40,pending,0,2020-12-16,2020-12-16
425,781,7,8,successful,0,2020-12-16,2020-12-16
426,0,22,40,successful,0,2020-12-16,2020-12-16
427,760,22,40,successful,0,2020-12-16,2020-12-16
428,762,54,89,successful,0,2020-12-16,2020-12-16
429,759,7,8,successful,0,2020-12-16,2020-12-16
430,776,7,8,successful,0,2020-12-16,2020-12-16
431,0,7,8,pending,0,2020-12-16,2020-12-16
432,320,6,7,successful,0,2020-12-16,2020-12-16
433,785,100,158,disinterested,0,2020-12-16,2021-02-17
434,786,128,187,disinterested,0,2020-12-17,2021-03-25
435,787,7,8,successful,0,2020-12-17,2020-12-17
436,788,7,8,successful,0,2020-12-17,2020-12-17
437,783,7,8,successful,0,2020-12-17,2020-12-17
438,790,22,40,successful,0,2020-12-18,2020-12-18
439,791,7,8,successful,0,2020-12-18,2020-12-18
440,0,47,79,successful,0,2020-12-19,2020-12-23
441,791,13,22,successful,0,2020-12-19,2020-12-19
442,0,21,39,successful,0,2020-12-21,2020-12-21
443,0,136,194,successful,0,2020-12-22,2020-12-22
444,593,7,8,successful,0,2020-12-22,2020-12-22
445,0,69,110,successful,0,2021-01-03,2021-01-03
446,809,7,8,successful,0,2021-01-05,2021-01-05
447,809,52,83,successful,0,2021-01-05,2021-01-05
448,810,18,31,successful,0,2021-01-06,2021-01-06
449,0,108,197,successful,0,2021-01-06,2021-01-06
450,809,7,8,successful,0,2021-01-07,2021-01-07
451,815,67,107,successful,0,2021-01-07,2021-01-07
452,816,147,207,successful,0,2021-01-07,2021-01-07
453,0,21,39,successful,0,2021-01-07,2021-01-13
454,0,65,105,successful,0,2021-01-07,2021-01-07
455,813,51,84,successful,0,2021-01-11,2021-01-11
456,811,22,40,successful,0,2021-01-11,2021-01-11
457,811,51,84,successful,0,2021-01-11,2021-01-11
458,724,157,223,successful,0,2021-01-11,2021-01-11
459,730,157,223,successful,0,2021-01-11,2021-01-11
460,819,63,129,disinterested,1,2021-01-11,2021-01-11
461,1040,7,8,successful,0,2021-01-13,2021-03-18
462,821,7,8,successful,0,2021-01-13,2021-01-13
463,818,22,40,successful,0,2021-01-13,2021-01-13
464,817,7,8,successful,0,2021-01-13,2021-01-13
465,0,7,8,successful,0,2021-01-13,2021-01-13
466,812,137,216,successful,0,2021-01-13,2021-01-13
467,826,7,8,successful,0,2021-01-13,2021-01-13
468,805,7,8,successful,0,2021-01-13,2021-01-13
469,0,3,57,pending,0,2021-01-13,2021-01-13
470,820,24,42,successful,0,2021-01-13,2021-01-13
471,824,128,187,successful,0,2021-01-13,2021-01-13
472,0,44,231,successful,0,2021-01-13,2021-01-13
473,814,51,84,successful,0,2021-01-13,2021-01-13
474,827,117,238,successful,0,2021-01-13,2021-01-20
475,828,7,8,successful,0,2021-01-15,2021-01-15
476,833,128,187,successful,0,2021-01-16,2021-01-21
477,0,131,189,successful,0,2021-01-18,2021-01-18
478,831,50,82,successful,0,2021-01-18,2021-01-18
479,829,169,236,successful,0,2021-01-18,2021-01-18
480,837,7,8,successful,0,2021-01-18,2021-01-18
481,839,21,39,successful,0,2021-01-18,2021-01-26
482,809,52,83,successful,0,2021-01-18,2021-01-18
483,842,29,50,successful,0,2021-01-19,2021-01-19
484,840,21,248,successful,0,2021-01-19,2021-01-19
485,0,22,40,successful,0,2021-01-19,2021-01-19
486,795,63,129,pending,1,2021-01-19,2021-01-19
487,836,108,175,successful,0,2021-01-20,2021-01-21
488,845,7,8,successful,0,2021-01-20,2021-01-20
489,716,191,266,pending,1,2021-01-20,2021-01-20
490,834,191,266,pending,1,2021-01-20,2021-01-20
491,703,191,266,pending,1,2021-01-20,2021-01-20
492,846,21,39,successful,0,2021-01-21,2021-01-21
493,847,6,7,successful,0,2021-01-21,2021-01-21
494,0,7,8,successful,0,2021-01-21,2021-01-21
495,849,22,40,successful,0,2021-01-22,2021-01-22
496,804,22,203,successful,0,2021-01-23,2021-01-23
497,850,7,8,successful,0,2021-01-24,2021-01-24
498,0,81,125,successful,0,2021-01-24,2021-01-24
499,328,13,22,successful,0,2021-01-25,2021-01-25
500,232,13,22,successful,0,2021-01-25,2021-01-25
501,773,13,21,successful,0,2021-01-25,2021-01-25
502,251,13,21,successful,0,2021-01-25,2021-01-25
503,215,13,22,successful,0,2021-01-25,2021-01-25
504,821,63,193,pending,1,2021-01-25,2021-01-25
505,851,63,193,pending,1,2021-01-25,2021-01-25
506,851,191,266,pending,1,2021-01-25,2021-01-25
507,851,201,277,pending,1,2021-01-25,2021-01-25
508,853,30,51,successful,0,2021-01-25,2021-02-11
509,833,149,292,pending,1,2021-01-25,2021-01-25
510,291,149,292,disinterested,1,2021-01-25,2021-03-02
511,291,201,277,pending,1,2021-01-25,2021-01-25
512,833,191,266,pending,1,2021-01-25,2021-01-25
513,833,149,292,pending,1,2021-01-25,2021-01-25
514,833,201,277,pending,1,2021-01-25,2021-01-25
515,818,191,266,pending,1,2021-01-25,2021-01-25
516,818,201,277,pending,1,2021-01-25,2021-01-25
517,818,149,294,disinterested,1,2021-01-25,2021-03-16
518,821,191,266,pending,1,2021-01-25,2021-01-25
519,851,149,294,pending,1,2021-01-25,2021-01-25
520,855,21,39,successful,0,2021-01-26,2021-01-26
521,854,22,203,successful,0,2021-01-26,2021-01-26
522,0,22,203,pending,0,2021-01-26,2021-01-26
523,856,41,95,successful,0,2021-01-26,2021-01-26
524,857,41,95,successful,0,2021-01-26,2021-01-26
525,747,149,292,pending,1,2021-01-26,2021-01-26
526,747,191,266,pending,1,2021-01-26,2021-01-26
527,771,191,266,pending,1,2021-01-26,2021-01-26
528,648,63,193,pending,1,2021-01-27,2021-01-27
529,0,21,39,successful,0,2021-01-27,2021-01-27
530,0,7,8,pending,0,2021-01-27,2021-01-27
531,784,63,193,pending,1,2021-01-27,2021-01-27
532,784,149,292,disinterested,1,2021-01-27,2021-03-11
533,784,201,277,pending,1,2021-01-27,2021-01-27
534,784,191,266,pending,1,2021-01-27,2021-01-27
535,707,149,292,disinterested,1,2021-01-27,2021-03-11
536,829,149,294,pending,1,2021-01-27,2021-01-27
537,829,149,292,pending,1,2021-01-27,2021-01-27
538,860,7,8,successful,0,2021-01-27,2021-01-27
539,861,7,8,successful,0,2021-01-28,2021-01-28
540,797,21,39,successful,0,2021-01-28,2021-01-28
541,10,18,255,successful,0,2021-01-28,2021-01-28
542,11,18,255,successful,0,2021-01-28,2021-01-28
543,0,51,84,successful,0,2021-01-28,2021-01-28
544,0,117,296,successful,0,2021-01-28,2021-01-28
545,862,22,40,successful,0,2021-01-29,2021-01-29
546,0,21,39,successful,0,2021-01-29,2021-02-02
547,863,21,39,successful,0,2021-01-29,2021-01-29
548,864,7,8,successful,0,2021-01-29,2021-01-29
549,829,191,266,pending,1,2021-01-29,2021-01-29
550,834,198,275,successful,0,2021-01-29,2021-01-29
551,844,44,231,successful,0,2021-01-29,2021-01-29
552,562,63,193,pending,1,2021-01-29,2021-01-29
553,869,21,39,successful,0,2021-01-30,2021-02-01
554,218,81,125,successful,0,2021-02-01,2021-02-01
555,0,63,193,successful,0,2021-02-01,2021-02-01
556,841,7,8,successful,0,2021-02-01,2021-02-01
557,832,7,8,successful,0,2021-02-01,2021-02-01
558,843,7,8,successful,0,2021-02-01,2021-02-01
559,802,7,8,successful,0,2021-02-01,2021-02-01
560,872,39,66,successful,0,2021-02-01,2021-02-01
561,873,7,8,successful,0,2021-02-02,2021-02-02
562,873,149,313,successful,0,2021-02-02,2021-02-02
563,811,63,193,pending,1,2021-02-02,2021-02-02
564,811,149,292,successful,1,2021-02-02,2021-03-29
565,811,201,277,pending,1,2021-02-02,2021-02-02
566,811,191,266,pending,1,2021-02-02,2021-02-02
567,876,20,38,successful,0,2021-02-03,2021-02-03
568,875,20,38,successful,0,2021-02-03,2021-02-03
569,878,7,8,successful,0,2021-02-03,2021-02-03
570,879,63,193,successful,0,2021-02-03,2021-02-03
571,882,155,219,successful,0,2021-02-03,2021-02-03
572,870,117,296,successful,0,2021-02-03,2021-02-03
573,880,20,38,successful,0,2021-02-04,2021-02-04
574,885,114,249,successful,0,2021-02-05,2021-02-05
575,886,114,249,successful,0,2021-02-05,2021-02-05
576,43,63,232,successful,0,2021-02-05,2021-02-05
577,889,24,42,successful,0,2021-02-05,2021-02-05
578,803,63,193,pending,1,2021-02-05,2021-02-05
579,796,149,292,pending,1,2021-02-05,2021-02-05
580,796,201,277,pending,1,2021-02-05,2021-02-05
581,796,191,266,pending,1,2021-02-05,2021-02-05
582,887,7,8,successful,0,2021-02-06,2021-02-06
583,945,83,136,successful,0,2021-02-06,2021-02-23
584,883,22,203,successful,0,2021-02-06,2021-02-06
585,1038,7,8,successful,0,2021-02-06,2021-03-17
586,881,7,8,successful,0,2021-02-06,2021-02-06
587,877,7,8,successful,0,2021-02-06,2021-02-06
588,874,16,78,successful,0,2021-02-06,2021-02-06
589,868,7,8,successful,0,2021-02-06,2021-02-06
590,890,253,329,successful,0,2021-02-06,2021-02-08
591,884,21,39,successful,0,2021-02-08,2021-02-08
592,888,28,88,successful,0,2021-02-08,2021-02-08
593,888,28,335,successful,0,2021-02-08,2021-02-08
594,891,184,327,successful,0,2021-02-08,2021-02-08
595,831,108,175,successful,0,2021-02-08,2021-02-08
596,889,51,84,successful,0,2021-02-08,2021-02-08
597,0,31,128,successful,0,2021-02-08,2021-02-08
598,0,7,8,successful,0,2021-02-08,2021-02-08
599,11,63,193,pending,1,2021-02-09,2021-02-09
600,10,63,193,pending,1,2021-02-09,2021-02-09
601,741,149,292,disinterested,1,2021-02-09,2021-02-23
602,741,191,266,pending,1,2021-02-09,2021-02-09
603,673,63,193,pending,1,2021-02-09,2021-04-20
604,817,149,292,pending,1,2021-02-09,2021-02-09
605,817,201,277,pending,1,2021-02-09,2021-02-09
606,817,191,266,pending,1,2021-02-09,2021-02-09
607,940,108,309,successful,0,2021-02-09,2021-02-22
608,0,60,96,successful,0,2021-02-09,2021-02-09
609,0,63,193,pending,1,2021-02-09,2021-02-09
610,801,201,277,pending,1,2021-02-09,2021-02-09
611,896,149,292,disinterested,1,2021-02-09,2021-03-11
612,896,191,266,pending,1,2021-02-09,2021-02-09
613,835,63,193,pending,1,2021-02-09,2021-02-09
614,835,149,292,pending,1,2021-02-09,2021-02-09
615,835,201,277,pending,1,2021-02-09,2021-02-09
616,835,191,266,pending,1,2021-02-09,2021-02-09
617,835,201,277,pending,1,2021-02-09,2021-02-09
618,900,63,193,successful,0,2021-02-10,2021-02-10
619,901,63,193,successful,0,2021-02-10,2021-02-10
620,899,50,82,successful,0,2021-02-10,2021-02-10
621,898,128,187,successful,0,2021-02-10,2021-02-10
622,897,7,8,successful,0,2021-02-10,2021-02-10
623,903,155,219,successful,0,2021-02-10,2021-02-10
624,869,149,294,disinterested,1,2021-02-10,2021-03-30
625,869,191,266,pending,1,2021-02-10,2021-02-10
626,905,26,46,successful,0,2021-02-10,2021-02-10
627,848,149,294,pending,1,2021-02-10,2021-02-10
628,848,201,277,pending,1,2021-02-10,2021-02-10
629,843,290,351,pending,1,2021-02-10,2021-02-10
630,843,191,266,pending,1,2021-02-10,2021-02-10
631,843,149,294,pending,1,2021-02-10,2021-02-10
632,843,63,193,disinterested,1,2021-02-10,2021-03-30
633,0,161,312,successful,0,2021-02-10,2021-02-10
634,904,13,22,successful,0,2021-02-11,2021-02-11
635,0,8,9,successful,0,2021-02-11,2021-02-11
636,909,155,219,successful,0,2021-02-11,2021-02-11
637,913,31,127,successful,0,2021-02-12,2021-02-12
638,914,66,106,successful,0,2021-02-13,2021-02-13
639,911,21,39,successful,0,2021-02-15,2021-02-15
640,0,7,8,successful,0,2021-02-15,2021-02-15
641,916,7,8,successful,0,2021-02-15,2021-02-15
642,915,97,242,successful,0,2021-02-15,2021-02-15
643,912,108,309,successful,0,2021-02-15,2021-02-15
644,892,128,187,successful,0,2021-02-15,2021-02-15
645,893,13,102,successful,0,2021-02-15,2021-02-15
646,894,52,83,successful,0,2021-02-15,2021-02-15
647,902,9,19,successful,0,2021-02-15,2021-02-15
648,918,44,352,successful,0,2021-02-15,2021-02-15
649,913,63,193,pending,1,2021-02-15,2021-02-15
650,913,149,292,disinterested,1,2021-02-15,2021-03-30
651,913,201,277,pending,1,2021-02-15,2021-02-15
652,913,63,103,disinterested,1,2021-02-15,2021-03-11
653,855,149,292,pending,1,2021-02-15,2021-02-15
654,855,191,266,pending,1,2021-02-15,2021-02-15
655,0,108,360,successful,0,2021-02-15,2021-02-15
656,840,149,294,pending,1,2021-02-15,2021-02-15
657,840,201,277,pending,1,2021-02-15,2021-02-15
658,840,191,266,pending,1,2021-02-15,2021-02-15
659,840,290,351,pending,1,2021-02-15,2021-02-15
660,852,149,292,disinterested,1,2021-02-15,2021-03-02
661,852,191,266,pending,1,2021-02-15,2021-02-15
662,920,149,371,successful,0,2021-02-16,2021-02-16
663,928,32,221,successful,0,2021-02-16,2021-03-03
664,1131,32,221,successful,0,2021-02-16,2021-04-09
665,923,128,372,successful,0,2021-02-16,2021-02-16
666,922,128,372,successful,0,2021-02-16,2021-02-16
667,921,128,372,successful,0,2021-02-16,2021-02-16
668,864,149,292,pending,1,2021-02-16,2021-02-16
669,864,201,277,pending,1,2021-02-16,2021-02-16
670,864,191,266,pending,1,2021-02-16,2021-02-16
671,864,290,351,pending,1,2021-02-16,2021-02-16
672,827,191,266,pending,1,2021-02-16,2021-02-16
673,871,149,292,pending,1,2021-02-16,2021-02-16
674,871,201,277,pending,1,2021-02-16,2021-02-16
675,871,191,266,pending,1,2021-02-16,2021-02-16
676,871,290,351,pending,1,2021-02-16,2021-02-16
677,867,191,265,pending,1,2021-02-16,2021-02-16
678,867,191,266,pending,1,2021-02-16,2021-02-16
679,867,290,351,pending,1,2021-02-16,2021-02-16
680,856,201,277,pending,1,2021-02-16,2021-02-16
681,857,149,292,pending,1,2021-02-16,2021-02-16
682,857,201,277,pending,1,2021-02-16,2021-02-16
683,924,22,314,successful,0,2021-02-17,2021-02-17
684,833,290,351,pending,1,2021-02-17,2021-02-17
685,817,290,351,pending,1,2021-02-17,2021-02-17
686,708,302,375,pending,1,2021-02-17,2021-02-17
687,708,290,351,pending,1,2021-02-17,2021-02-17
688,926,213,299,successful,0,2021-02-17,2021-02-17
689,925,22,314,successful,0,2021-02-17,2021-02-17
690,463,63,245,pending,1,2021-02-18,2021-02-18
691,613,63,245,pending,1,2021-02-18,2021-02-18
692,804,149,292,pending,1,2021-02-18,2021-02-18
693,804,201,277,pending,1,2021-02-18,2021-02-18
694,804,191,266,pending,1,2021-02-18,2021-02-18
695,804,290,351,pending,1,2021-02-18,2021-02-18
696,17,201,277,pending,1,2021-02-18,2021-02-18
697,834,290,351,pending,1,2021-02-18,2021-02-18
698,851,290,351,pending,1,2021-02-18,2021-02-18
699,818,290,351,pending,1,2021-02-18,2021-02-18
700,784,290,351,pending,1,2021-02-18,2021-02-18
701,707,290,351,pending,1,2021-02-18,2021-02-18
702,796,290,351,pending,1,2021-02-18,2021-02-18
703,741,290,351,pending,1,2021-02-18,2021-02-18
704,835,290,351,pending,1,2021-02-18,2021-02-18
705,842,290,351,pending,1,2021-02-18,2021-02-18
706,927,7,8,successful,0,2021-02-18,2021-02-18
707,804,302,375,pending,1,2021-02-18,2021-02-18
708,833,302,375,pending,1,2021-02-18,2021-02-18
709,930,22,203,successful,0,2021-02-18,2021-02-18
710,707,302,375,pending,1,2021-02-18,2021-02-18
711,202,302,375,pending,1,2021-02-18,2021-02-18
712,932,108,197,successful,0,2021-02-18,2021-02-19
713,869,302,375,disinterested,1,2021-02-18,2021-03-30
714,848,302,375,pending,1,2021-02-18,2021-02-18
715,840,302,375,disinterested,1,2021-02-18,2021-03-30
716,929,302,375,pending,1,2021-02-18,2021-02-18
717,929,149,294,pending,1,2021-02-18,2021-02-18
718,929,191,266,pending,1,2021-02-18,2021-02-18
719,934,128,295,successful,0,2021-02-18,2021-02-19
720,936,128,295,successful,0,2021-02-18,2021-02-19
721,937,128,295,successful,0,2021-02-18,2021-02-19
722,0,213,347,pending,0,2021-02-18,2021-02-18
723,931,50,157,successful,0,2021-02-18,2021-02-18
724,944,7,8,successful,0,2021-02-19,2021-02-23
725,933,7,8,successful,0,2021-02-19,2021-02-19
726,929,302,375,pending,1,2021-02-20,2021-02-20
727,961,30,51,successful,0,2021-02-21,2021-03-01
728,938,50,157,successful,0,2021-02-22,2021-02-22
729,941,65,247,successful,0,2021-02-22,2021-02-22
730,939,7,8,successful,0,2021-02-23,2021-02-23
731,942,52,83,successful,0,2021-02-23,2021-02-23
732,943,23,41,successful,0,2021-02-23,2021-02-23
733,998,23,41,successful,0,2021-02-23,2021-03-10
734,939,302,375,pending,1,2021-02-23,2021-02-23
735,809,63,129,pending,1,2021-02-23,2021-02-23
736,809,191,266,pending,1,2021-02-23,2021-02-23
737,809,290,351,pending,1,2021-02-23,2021-02-23
738,939,149,292,pending,1,2021-02-23,2021-02-23
739,939,201,277,pending,1,2021-02-23,2021-02-23
740,939,191,266,pending,1,2021-02-23,2021-02-23
741,939,290,351,pending,1,2021-02-23,2021-02-23
742,946,213,299,successful,0,2021-02-23,2021-02-23
743,834,191,266,pending,1,2021-02-23,2021-02-23
744,947,97,242,successful,0,2021-02-23,2021-02-23
745,948,52,83,successful,0,2021-02-24,2021-03-09
746,949,52,83,successful,0,2021-02-24,2021-03-09
747,949,63,129,pending,1,2021-02-24,2021-02-24
748,1007,50,157,successful,0,2021-02-24,2021-03-10
749,950,7,8,successful,0,2021-02-25,2021-02-25
750,951,52,83,successful,0,2021-02-25,2021-03-09
751,952,64,104,successful,0,2021-02-25,2021-02-25
752,953,64,104,successful,0,2021-02-25,2021-02-25
753,0,21,39,successful,0,2021-02-25,2021-02-25
754,954,213,347,successful,0,2021-02-25,2021-02-25
755,0,21,39,successful,0,2021-02-25,2021-02-25
756,955,334,421,successful,0,2021-02-25,2021-02-25
757,957,38,65,successful,0,2021-02-26,2021-02-26
758,956,38,65,successful,0,2021-02-26,2021-02-26
759,895,7,8,successful,0,2021-02-26,2021-02-26
760,963,67,354,successful,0,2021-02-26,2021-03-01
761,0,114,249,pending,0,2021-02-26,2021-02-26
762,962,7,8,successful,0,2021-02-26,2021-03-01
763,959,21,39,successful,0,2021-02-26,2021-02-26
764,958,49,81,successful,0,2021-02-27,2021-02-27
765,960,278,402,successful,0,2021-02-28,2021-02-28
766,1033,65,353,successful,0,2021-02-28,2021-03-16
767,965,213,347,successful,0,2021-03-01,2021-03-02
768,964,7,8,successful,0,2021-03-01,2021-03-01
769,0,247,394,pending,0,2021-03-01,2021-03-01
770,403,191,266,successful,1,2021-03-01,2021-03-17
771,850,302,375,pending,1,2021-03-01,2021-03-01
772,845,302,375,pending,1,2021-03-01,2021-03-01
773,831,191,266,pending,1,2021-03-02,2021-03-02
774,686,63,129,successful,1,2021-03-02,2021-03-02
775,688,63,129,successful,1,2021-03-02,2021-03-02
776,974,184,327,successful,0,2021-03-02,2021-03-04
777,968,21,39,successful,0,2021-03-02,2021-03-02
778,827,302,375,pending,1,2021-03-02,2021-03-02
779,291,302,375,pending,1,2021-03-02,2021-03-02
780,874,290,351,successful,1,2021-03-02,2021-03-02
781,867,302,375,pending,1,2021-03-02,2021-03-02
782,825,290,351,pending,1,2021-03-02,2021-03-02
783,971,62,430,successful,0,2021-03-02,2021-03-02
784,857,191,266,pending,1,2021-03-02,2021-03-02
785,972,62,430,successful,0,2021-03-02,2021-03-02
786,817,302,375,pending,1,2021-03-02,2021-03-02
787,852,302,375,pending,1,2021-03-02,2021-03-02
788,970,26,387,successful,0,2021-03-02,2021-03-02
789,969,213,395,successful,0,2021-03-02,2021-03-02
790,839,63,193,pending,1,2021-03-03,2021-03-03
791,839,149,292,pending,1,2021-03-03,2021-03-03
792,839,201,277,pending,1,2021-03-03,2021-03-03
793,839,191,266,pending,1,2021-03-03,2021-03-03
794,839,290,351,successful,1,2021-03-03,2021-03-09
795,775,191,266,pending,1,2021-03-03,2021-03-03
796,775,290,351,pending,1,2021-03-03,2021-03-03
797,973,7,8,successful,0,2021-03-04,2021-03-04
798,1025,105,172,successful,0,2021-03-04,2021-03-15
799,1055,213,347,successful,0,2021-03-04,2021-03-22
800,975,22,314,successful,0,2021-03-04,2021-03-04
801,976,142,215,successful,0,2021-03-04,2021-03-04
802,405,290,351,successful,1,2021-03-04,2021-03-04
803,977,128,187,successful,0,2021-03-05,2021-03-05
804,978,108,309,successful,0,2021-03-05,2021-03-05
805,211,290,351,pending,1,2021-03-06,2021-03-06
806,983,7,8,successful,0,2021-03-06,2021-03-07
807,1061,21,39,successful,0,2021-03-06,2021-03-23
808,984,108,360,successful,0,2021-03-06,2021-03-07
809,982,26,73,successful,0,2021-03-07,2021-03-07
810,985,278,345,successful,0,2021-03-08,2021-03-08
811,986,356,452,successful,0,2021-03-08,2021-03-09
812,989,242,320,successful,0,2021-03-08,2021-03-08
813,765,302,375,pending,1,2021-03-08,2021-03-08
814,765,149,294,pending,1,2021-03-08,2021-03-08
815,765,191,266,pending,1,2021-03-08,2021-03-08
816,1019,9,19,successful,0,2021-03-08,2021-03-12
817,988,7,8,successful,0,2021-03-08,2021-03-08
818,0,184,456,successful,0,2021-03-08,2021-03-11
819,864,302,375,pending,1,2021-03-08,2021-03-08
820,0,149,292,pending,1,2021-03-08,2021-03-08
821,0,290,351,pending,1,2021-03-08,2021-03-08
822,0,191,266,pending,1,2021-03-08,2021-03-08
823,984,63,193,pending,1,2021-03-08,2021-03-08
824,984,191,266,pending,1,2021-03-08,2021-03-08
825,990,117,238,successful,0,2021-03-08,2021-03-08
826,979,117,238,successful,0,2021-03-08,2021-03-08
827,981,117,238,successful,0,2021-03-08,2021-03-08
828,980,117,238,successful,0,2021-03-08,2021-03-08
829,996,117,238,successful,0,2021-03-08,2021-03-10
830,980,191,266,pending,1,2021-03-08,2021-03-08
831,0,7,8,pending,0,2021-03-09,2021-03-09
832,0,7,8,pending,0,2021-03-09,2021-03-09
833,991,356,452,successful,0,2021-03-09,2021-03-09
834,1027,360,457,successful,0,2021-03-09,2021-03-15
835,987,7,8,successful,0,2021-03-09,2021-03-09
836,985,63,193,pending,1,2021-03-09,2021-03-09
837,994,26,387,successful,0,2021-03-09,2021-03-09
838,993,227,458,successful,0,2021-03-09,2021-03-09
839,995,44,455,successful,0,2021-03-09,2021-03-09
840,979,191,266,pending,1,2021-03-09,2021-03-09
841,981,191,266,pending,1,2021-03-09,2021-03-09
842,0,302,375,pending,1,2021-03-09,2021-03-09
843,978,201,277,pending,1,2021-03-09,2021-03-09
844,977,63,193,pending,1,2021-03-09,2021-03-09
845,977,149,292,pending,1,2021-03-09,2021-03-09
846,977,201,277,pending,1,2021-03-09,2021-03-09
847,977,191,266,pending,1,2021-03-09,2021-03-09
848,977,290,351,pending,1,2021-03-09,2021-03-09
849,976,63,193,pending,1,2021-03-09,2021-03-09
850,976,149,292,pending,1,2021-03-09,2021-03-09
851,976,63,193,pending,1,2021-03-09,2021-03-09
852,976,201,277,pending,1,2021-03-09,2021-03-09
853,976,191,266,pending,1,2021-03-09,2021-03-09
854,976,290,351,pending,1,2021-03-09,2021-03-09
855,973,290,351,pending,1,2021-03-09,2021-03-09
856,973,191,266,pending,1,2021-03-09,2021-03-09
857,973,201,277,pending,1,2021-03-09,2021-03-09
858,973,149,292,pending,1,2021-03-09,2021-03-09
859,973,63,129,pending,1,2021-03-09,2021-03-09
860,969,302,375,disinterested,1,2021-03-09,2021-03-10
861,969,149,292,disinterested,1,2021-03-09,2021-03-10
862,969,290,351,pending,1,2021-03-09,2021-03-09
863,969,201,277,pending,1,2021-03-09,2021-03-09
864,1000,66,106,successful,0,2021-03-10,2021-03-10
865,999,66,106,successful,0,2021-03-10,2021-03-10
866,997,7,8,successful,0,2021-03-10,2021-03-10
867,992,16,78,successful,0,2021-03-10,2021-03-10
868,1001,213,347,successful,0,2021-03-10,2021-03-10
869,1010,63,193,successful,0,2021-03-10,2021-03-11
870,1011,63,193,successful,0,2021-03-10,2021-03-11
871,1002,50,297,successful,0,2021-03-10,2021-03-10
872,987,302,375,pending,1,2021-03-10,2021-03-10
873,987,149,292,pending,1,2021-03-10,2021-03-10
874,987,201,277,pending,1,2021-03-10,2021-03-10
875,987,191,266,pending,1,2021-03-10,2021-03-10
876,987,290,351,pending,1,2021-03-10,2021-03-10
877,1003,32,463,successful,0,2021-03-10,2021-03-10
878,972,149,292,disinterested,1,2021-03-10,2021-03-11
879,972,201,277,disinterested,1,2021-03-10,2021-03-17
880,972,191,266,pending,1,2021-03-10,2021-03-10
881,972,290,351,pending,1,2021-03-10,2021-03-10
882,1005,117,238,successful,0,2021-03-10,2021-03-10
883,197,290,351,successful,1,2021-03-10,2021-03-10
884,971,302,375,disinterested,1,2021-03-10,2021-03-12
885,971,149,292,disinterested,1,2021-03-10,2021-03-12
886,971,201,277,disinterested,1,2021-03-10,2021-03-17
887,971,191,266,pending,1,2021-03-10,2021-03-10
888,971,290,351,pending,1,2021-03-10,2021-03-10
889,967,63,193,pending,1,2021-03-10,2021-03-10
890,967,149,292,disinterested,1,2021-03-10,2021-03-31
891,1008,50,82,successful,0,2021-03-10,2021-03-10
892,0,108,360,pending,0,2021-03-10,2021-03-10
893,1006,66,106,successful,0,2021-03-11,2021-03-11
894,1006,7,8,successful,0,2021-03-11,2021-03-11
895,1012,22,203,successful,0,2021-03-11,2021-03-11
896,752,191,266,pending,1,2021-03-11,2021-03-11
897,752,149,292,disinterested,1,2021-03-11,2021-03-11
898,974,63,193,pending,1,2021-03-11,2021-03-11
899,974,149,292,disinterested,1,2021-03-11,2021-03-16
900,974,201,277,pending,1,2021-03-11,2021-03-11
901,974,191,266,pending,1,2021-03-11,2021-03-11
902,1014,26,73,successful,0,2021-03-11,2021-03-11
903,966,63,193,pending,1,2021-03-11,2021-03-11
904,966,149,292,disinterested,1,2021-03-11,2021-03-16
905,966,201,277,pending,1,2021-03-11,2021-03-11
906,966,191,266,pending,1,2021-03-11,2021-03-11
907,966,290,351,pending,1,2021-03-11,2021-03-11
908,964,63,193,pending,1,2021-03-11,2021-03-11
909,964,149,292,pending,1,2021-03-11,2021-03-11
910,0,191,266,pending,1,2021-03-11,2021-03-11
911,965,63,193,pending,1,2021-03-11,2021-03-11
912,965,149,292,pending,1,2021-03-11,2021-03-11
913,965,201,277,pending,1,2021-03-11,2021-03-11
914,965,191,266,pending,1,2021-03-11,2021-03-11
915,960,302,375,pending,1,2021-03-11,2021-03-11
916,960,191,266,pending,1,2021-03-11,2021-03-11
917,960,290,351,pending,1,2021-03-11,2021-03-11
918,1020,108,197,successful,0,2021-03-11,2021-03-12
919,1015,108,360,successful,0,2021-03-11,2021-03-11
920,849,302,375,pending,1,2021-03-11,2021-03-11
921,849,149,292,pending,1,2021-03-11,2021-03-11
922,849,201,277,pending,1,2021-03-11,2021-03-11
923,849,191,266,pending,1,2021-03-11,2021-03-11
924,849,290,351,pending,1,2021-03-11,2021-03-11
925,802,63,129,pending,1,2021-03-11,2021-03-11
926,802,149,292,disinterested,1,2021-03-11,2021-03-22
927,802,201,277,pending,1,2021-03-11,2021-03-11
928,802,191,266,pending,1,2021-03-11,2021-03-11
929,1016,140,200,successful,0,2021-03-12,2021-03-12
930,1017,366,465,successful,0,2021-03-12,2021-03-12
931,1024,23,41,successful,0,2021-03-12,2021-03-14
932,955,191,266,pending,1,2021-03-12,2021-03-12
933,1013,117,238,successful,0,2021-03-12,2021-03-12
934,953,290,351,pending,1,2021-03-12,2021-03-12
935,953,63,193,pending,1,2021-03-12,2021-03-12
936,953,149,292,pending,1,2021-03-12,2021-03-12
937,953,201,277,pending,1,2021-03-12,2021-03-12
938,952,63,129,pending,1,2021-03-12,2021-03-12
939,952,63,193,pending,1,2021-03-12,2021-03-12
940,952,149,292,pending,1,2021-03-12,2021-03-12
941,952,201,277,pending,1,2021-03-12,2021-03-12
942,952,290,351,pending,1,2021-03-12,2021-03-12
943,1021,128,267,successful,0,2021-03-12,2021-03-15
944,1022,128,267,successful,0,2021-03-12,2021-03-15
945,947,302,375,pending,1,2021-03-12,2021-03-12
946,947,149,292,pending,1,2021-03-12,2021-03-12
947,947,201,277,pending,1,2021-03-12,2021-03-12
948,947,191,266,disinterested,1,2021-03-12,2021-03-22
949,951,63,193,pending,1,2021-03-13,2021-03-13
950,1023,22,314,successful,0,2021-03-14,2021-03-14
951,1004,63,193,successful,0,2021-03-15,2021-03-15
952,1018,7,8,successful,0,2021-03-15,2021-03-15
953,1028,7,8,successful,0,2021-03-16,2021-03-16
954,1029,40,318,successful,0,2021-03-16,2021-03-16
955,1031,22,314,successful,0,2021-03-16,2021-03-16
956,1030,242,320,successful,0,2021-03-16,2021-03-16
957,1030,191,266,pending,1,2021-03-16,2021-03-16
958,1035,21,39,successful,0,2021-03-16,2021-03-16
959,1028,302,375,pending,1,2021-03-16,2021-03-16
960,1028,149,292,disinterested,1,2021-03-16,2021-04-23
961,1028,201,277,pending,1,2021-03-16,2021-03-16
962,1028,191,266,pending,1,2021-03-16,2021-03-16
963,1022,63,129,pending,1,2021-03-16,2021-03-16
964,1022,149,292,pending,1,2021-03-16,2021-03-16
965,1022,191,266,pending,1,2021-03-16,2021-03-16
966,928,157,223,pending,1,2021-03-16,2021-03-16
967,1021,63,193,pending,1,2021-03-16,2021-03-16
968,1021,149,292,pending,1,2021-03-16,2021-03-16
969,1021,191,266,pending,1,2021-03-16,2021-03-16
970,921,149,292,pending,1,2021-03-16,2021-03-16
971,921,201,277,pending,1,2021-03-16,2021-03-16
972,921,191,266,pending,1,2021-03-16,2021-03-16
973,922,149,292,pending,1,2021-03-16,2021-03-16
974,922,201,277,pending,1,2021-03-16,2021-03-16
975,922,191,266,pending,1,2021-03-16,2021-03-16
976,923,149,292,pending,1,2021-03-16,2021-03-16
977,923,201,277,pending,1,2021-03-16,2021-03-16
978,923,191,266,pending,1,2021-03-16,2021-03-16
979,1024,302,375,pending,1,2021-03-16,2021-03-16
980,1024,149,292,pending,1,2021-03-16,2021-03-16
981,1024,201,277,pending,1,2021-03-16,2021-03-16
982,1024,191,266,pending,1,2021-03-16,2021-03-16
983,1018,63,193,pending,1,2021-03-16,2021-03-16
984,1018,149,292,pending,1,2021-03-16,2021-03-16
985,1018,191,266,pending,1,2021-03-16,2021-03-16
986,1018,290,351,pending,1,2021-03-16,2021-03-16
987,1034,8,15,successful,0,2021-03-17,2021-03-17
988,1036,50,157,successful,0,2021-03-17,2021-03-17
989,1037,337,427,successful,0,2021-03-17,2021-03-17
990,1017,302,375,pending,1,2021-03-17,2021-03-17
991,1017,201,277,pending,1,2021-03-17,2021-03-17
992,1017,191,266,pending,1,2021-03-17,2021-03-17
993,1017,290,351,pending,1,2021-03-17,2021-03-17
994,1016,63,193,pending,1,2021-03-17,2021-03-17
995,1016,149,292,pending,1,2021-03-17,2021-03-17
996,1016,201,277,pending,1,2021-03-17,2021-03-17
997,1016,191,266,pending,1,2021-03-17,2021-03-17
998,1013,191,266,pending,1,2021-03-17,2021-03-17
999,1012,63,193,pending,1,2021-03-17,2021-03-17
1000,1012,149,292,pending,1,2021-03-17,2021-03-17
1001,1012,201,277,pending,1,2021-03-17,2021-03-17
1002,1012,191,266,pending,1,2021-03-17,2021-03-17
1003,1012,290,351,pending,1,2021-03-17,2021-03-17
1004,1009,302,375,pending,1,2021-03-17,2021-03-17
1005,1009,149,292,disinterested,1,2021-03-17,2021-04-16
1006,1009,201,277,pending,1,2021-03-17,2021-03-17
1007,1009,191,266,pending,1,2021-03-17,2021-03-17
1008,1009,290,351,pending,1,2021-03-17,2021-03-17
1009,1008,63,193,disinterested,1,2021-03-17,2021-03-18
1010,1008,149,292,disinterested,1,2021-03-17,2021-04-16
1011,1008,201,277,disinterested,1,2021-03-17,2021-04-16
1012,1008,191,266,disinterested,1,2021-03-17,2021-04-16
1013,1041,23,41,successful,0,2021-03-18,2021-03-18
1014,1043,213,347,successful,0,2021-03-18,2021-03-23
1015,1042,64,307,successful,0,2021-03-18,2021-03-18
1016,1044,64,307,successful,0,2021-03-18,2021-03-18
1017,792,302,375,pending,1,2021-03-18,2021-03-18
1018,847,191,266,pending,1,2021-03-18,2021-03-18
1019,847,290,351,pending,1,2021-03-18,2021-03-18
1020,777,63,193,pending,1,2021-03-18,2021-03-18
1021,777,149,292,pending,1,2021-03-18,2021-03-18
1022,777,201,277,pending,1,2021-03-18,2021-03-18
1023,777,191,266,pending,1,2021-03-18,2021-03-18
1024,777,290,351,pending,1,2021-03-18,2021-03-18
1025,764,63,129,pending,1,2021-03-18,2021-03-18
1026,764,149,292,pending,1,2021-03-18,2021-03-18
1027,764,201,277,pending,1,2021-03-18,2021-03-18
1028,764,191,266,pending,1,2021-03-18,2021-03-18
1029,764,290,351,pending,1,2021-03-18,2021-03-18
1030,975,302,375,pending,1,2021-03-18,2021-03-18
1031,975,149,292,pending,1,2021-03-18,2021-03-18
1032,975,201,277,pending,1,2021-03-18,2021-03-18
1033,975,191,266,pending,1,2021-03-18,2021-03-18
1034,1045,50,82,successful,0,2021-03-18,2021-03-24
1035,1003,63,193,pending,1,2021-03-18,2021-03-18
1036,1051,64,307,successful,0,2021-03-18,2021-03-22
1037,1011,149,292,pending,1,2021-03-18,2021-03-18
1038,1011,201,277,pending,1,2021-03-18,2021-03-18
1039,1011,191,266,pending,1,2021-03-18,2021-03-18
1040,1010,149,292,pending,1,2021-03-18,2021-03-18
1041,1010,201,277,pending,1,2021-03-18,2021-03-18
1042,1010,191,266,pending,1,2021-03-18,2021-03-18
1043,1001,191,266,pending,1,2021-03-18,2021-03-18
1044,997,302,375,pending,1,2021-03-18,2021-03-18
1045,997,149,292,disinterested,1,2021-03-18,2021-04-16
1046,997,201,277,pending,1,2021-03-18,2021-03-18
1047,997,191,266,pending,1,2021-03-18,2021-03-18
1048,1048,44,237,successful,0,2021-03-18,2021-03-19
1049,1046,252,431,pending,0,2021-03-19,2021-03-19
1050,993,63,193,pending,1,2021-03-19,2021-03-19
1051,993,149,292,pending,1,2021-03-19,2021-03-19
1052,993,201,277,pending,1,2021-03-19,2021-03-19
1053,993,290,351,pending,1,2021-03-19,2021-03-19
1054,991,63,193,pending,1,2021-03-19,2021-03-19
1055,991,149,292,pending,1,2021-03-19,2021-03-19
1056,991,191,266,pending,1,2021-03-19,2021-03-19
1057,991,290,351,pending,1,2021-03-19,2021-03-19
1058,990,302,375,pending,1,2021-03-19,2021-03-19
1059,990,149,292,pending,1,2021-03-19,2021-03-19
1060,990,191,266,pending,1,2021-03-19,2021-03-19
1061,990,290,351,pending,1,2021-03-19,2021-03-19
1062,1062,108,360,successful,0,2021-03-19,2021-03-23
1063,1064,108,360,successful,0,2021-03-19,2021-03-23
1064,1056,108,360,successful,0,2021-03-19,2021-03-22
1065,1117,44,460,successful,0,2021-03-20,2021-04-19
1066,1047,149,472,successful,0,2021-03-22,2021-03-29
1067,1078,21,39,successful,0,2021-03-22,2021-03-26
1068,1050,39,66,successful,0,2021-03-22,2021-03-22
1069,1049,149,472,successful,0,2021-03-22,2021-03-22
1070,1049,7,8,successful,0,2021-03-22,2021-03-22
1071,1032,7,8,successful,0,2021-03-22,2021-03-22
1072,1197,7,8,successful,0,2021-03-22,2021-04-25
1073,1052,36,61,successful,0,2021-03-22,2021-03-22
1074,1080,63,193,successful,0,2021-03-22,2021-03-26
1075,1052,63,193,pending,1,2021-03-22,2021-03-22
1076,1052,149,292,pending,1,2021-03-22,2021-03-22
1077,1052,201,277,pending,1,2021-03-22,2021-03-22
1078,1052,191,266,pending,1,2021-03-22,2021-03-22
1079,1052,290,351,pending,1,2021-03-22,2021-03-22
1080,0,63,193,pending,1,2021-03-22,2021-03-22
1081,0,201,277,pending,1,2021-03-22,2021-03-22
1082,0,191,266,pending,1,2021-03-22,2021-03-22
1083,1049,191,266,pending,1,2021-03-22,2021-03-22
1084,1049,149,292,pending,1,2021-03-22,2021-03-22
1085,1053,117,238,successful,0,2021-03-22,2021-03-22
1086,0,63,193,pending,1,2021-03-22,2021-03-22
1087,0,149,292,pending,1,2021-03-22,2021-03-22
1088,0,201,277,pending,1,2021-03-22,2021-03-22
1089,0,191,266,pending,1,2021-03-22,2021-03-22
1090,1048,302,375,pending,1,2021-03-22,2021-03-22
1091,1048,149,292,pending,1,2021-03-22,2021-03-22
1092,1053,63,129,pending,1,2021-03-22,2021-03-22
1093,1053,63,193,pending,1,2021-03-22,2021-03-22
1094,1053,191,266,pending,1,2021-03-22,2021-03-22
1095,1053,191,480,pending,1,2021-03-22,2021-03-22
1096,1054,21,39,successful,0,2021-03-23,2021-03-23
1097,1060,28,49,successful,0,2021-03-23,2021-03-23
1098,1057,5,481,successful,0,2021-03-23,2021-03-23
1099,1084,21,482,successful,0,2021-03-23,2021-03-27
1100,0,114,249,disinterested,0,2021-03-23,2021-03-30
1101,1059,26,73,successful,0,2021-03-23,2021-03-23
1102,1118,302,375,successful,0,2021-03-23,2021-04-06
1103,1063,24,42,successful,0,2021-03-23,2021-03-23
1104,1065,7,8,successful,0,2021-03-23,2021-03-24
1105,1057,302,375,pending,1,2021-03-23,2021-03-23
1106,1057,149,292,pending,1,2021-03-23,2021-03-23
1107,1057,201,277,pending,1,2021-03-23,2021-03-23
1108,1057,191,480,pending,1,2021-03-23,2021-03-23
1109,1057,201,277,pending,1,2021-03-23,2021-03-23
1110,1057,290,351,pending,1,2021-03-23,2021-03-23
1111,1058,302,375,pending,1,2021-03-23,2021-03-23
1112,1058,149,292,pending,1,2021-03-23,2021-03-23
1113,1058,201,277,pending,1,2021-03-23,2021-03-23
1114,1058,191,480,pending,1,2021-03-23,2021-03-23
1115,1058,290,351,pending,1,2021-03-23,2021-03-23
1116,1063,290,351,pending,1,2021-03-23,2021-03-23
1117,1069,50,82,successful,0,2021-03-23,2021-03-24
1118,1059,290,351,pending,1,2021-03-23,2021-03-23
1119,1070,50,157,successful,0,2021-03-23,2021-03-24
1120,1059,191,480,pending,1,2021-03-23,2021-03-23
1121,1105,117,238,successful,0,2021-03-24,2021-03-30
1122,1066,23,41,successful,0,2021-03-24,2021-03-24
1123,1073,23,41,successful,0,2021-03-24,2021-03-24
1124,1071,302,375,pending,1,2021-03-24,2021-03-24
1125,1071,191,480,pending,1,2021-03-24,2021-03-24
1126,1071,290,351,pending,1,2021-03-24,2021-03-24
1127,1066,63,103,pending,1,2021-03-24,2021-03-24
1128,1066,149,292,pending,1,2021-03-24,2021-03-24
1129,1066,201,277,pending,1,2021-03-24,2021-03-24
1130,1066,191,480,pending,1,2021-03-24,2021-03-24
1131,1066,290,351,pending,1,2021-03-24,2021-03-24
1132,0,302,375,pending,1,2021-03-24,2021-03-24
1133,0,149,292,pending,1,2021-03-24,2021-03-24
1134,0,201,277,pending,1,2021-03-24,2021-03-24
1135,0,191,480,pending,1,2021-03-24,2021-03-24
1136,1068,302,375,pending,1,2021-03-24,2021-03-24
1137,1068,191,480,pending,1,2021-03-24,2021-03-24
1138,1067,22,469,successful,0,2021-03-26,2021-03-26
1139,1077,7,8,successful,0,2021-03-26,2021-03-26
1140,1092,80,121,successful,0,2021-03-26,2021-03-29
1141,1075,21,39,successful,0,2021-03-26,2021-03-26
1142,1074,7,8,successful,0,2021-03-26,2021-03-26
1143,1111,7,8,successful,0,2021-03-26,2021-04-07
1144,1093,7,8,successful,0,2021-03-26,2021-03-29
1145,1083,91,205,successful,0,2021-03-27,2021-03-27
1146,1085,8,14,successful,0,2021-03-27,2021-04-19
1147,1082,7,8,disinterested,0,2021-03-27,2021-03-30
1148,1081,7,8,disinterested,0,2021-03-27,2021-03-30
1149,1099,213,395,successful,0,2021-03-27,2021-03-29
1150,1098,213,395,successful,0,2021-03-27,2021-03-29
1151,1087,97,242,successful,0,2021-03-29,2021-03-29
1152,1090,140,200,successful,0,2021-03-29,2021-03-29
1153,1088,7,8,successful,0,2021-03-29,2021-03-29
1154,1089,184,488,successful,0,2021-03-29,2021-03-31
1155,1091,242,320,successful,0,2021-03-29,2021-03-31
1156,1095,108,360,successful,0,2021-03-29,2021-03-30
1157,1094,116,315,successful,0,2021-03-29,2021-03-29
1158,1096,108,360,successful,0,2021-03-29,2021-03-30
1159,1097,108,360,successful,0,2021-03-29,2021-03-30
1160,0,17,29,pending,0,2021-03-29,2021-03-29
1161,1100,17,29,successful,0,2021-03-30,2021-03-30
1162,1101,63,193,successful,0,2021-03-30,2021-03-30
1163,1102,22,469,successful,0,2021-03-30,2021-03-30
1164,1121,97,242,successful,0,2021-03-30,2021-04-07
1165,1074,63,193,disinterested,1,2021-03-30,2021-03-30
1166,1074,149,292,pending,1,2021-03-30,2021-03-30
1167,1074,191,480,pending,1,2021-03-30,2021-03-30
1168,871,302,375,pending,1,2021-03-30,2021-03-30
1169,0,8,14,pending,0,2021-03-31,2021-03-31
1170,1079,7,8,successful,0,2021-03-31,2021-03-31
1171,986,149,292,pending,1,2021-03-31,2021-03-31
1172,1106,108,360,successful,0,2021-03-31,2021-04-01
1173,0,22,203,disinterested,0,2021-04-01,2021-04-01
1174,1109,116,315,successful,0,2021-04-01,2021-04-01
1175,1107,252,431,successful,0,2021-04-01,2021-04-01
1176,1108,213,347,successful,0,2021-04-01,2021-04-01
1177,1113,213,347,successful,0,2021-04-01,2021-04-12
1178,1102,252,431,successful,0,2021-04-01,2021-04-01
1179,1102,22,469,successful,0,2021-04-01,2021-04-01
1180,1114,26,46,successful,0,2021-04-01,2021-04-02
1181,1110,22,469,successful,0,2021-04-01,2021-04-01
1182,1122,213,395,successful,0,2021-04-04,2021-04-09
1183,1042,386,499,successful,0,2021-04-05,2021-04-05
1184,1044,386,499,successful,0,2021-04-05,2021-04-05
1185,1129,7,8,successful,0,2021-04-06,2021-04-09
1186,1153,52,83,successful,0,2021-04-06,2021-04-14
1187,1120,213,395,successful,0,2021-04-06,2021-04-06
1188,1119,23,41,successful,0,2021-04-07,2021-04-07
1189,318,63,193,pending,1,2021-04-07,2021-04-07
1190,1124,58,94,successful,0,2021-04-07,2021-04-08
1191,1130,213,299,successful,0,2021-04-07,2021-04-09
1192,621,7,8,successful,0,2021-04-08,2021-04-08
1193,1107,252,431,successful,0,2021-04-08,2021-04-08
1194,1046,252,431,disinterested,0,2021-04-08,2021-04-08
1195,1123,155,219,successful,0,2021-04-08,2021-04-08
1196,1017,366,465,successful,0,2021-04-08,2021-04-08
1197,1127,50,297,successful,0,2021-04-08,2021-04-08
1198,967,7,8,successful,0,2021-04-09,2021-04-09
1199,1124,8,11,successful,0,2021-04-09,2021-04-09
1200,1112,22,40,successful,0,2021-04-09,2021-04-09
1201,1156,302,375,successful,0,2021-04-09,2021-04-15
1202,0,97,242,pending,0,2021-04-09,2021-04-09
1203,1124,8,14,successful,0,2021-04-09,2021-04-09
1204,1132,58,94,successful,0,2021-04-10,2021-04-10
1205,1133,97,242,successful,0,2021-04-10,2021-04-10
1206,1135,23,41,successful,0,2021-04-11,2021-04-11
1207,1134,51,84,successful,0,2021-04-11,2021-04-11
1208,0,58,94,successful,0,2021-04-12,2021-04-12
1209,1109,17,30,successful,0,2021-04-12,2021-04-12
1210,1140,8,28,successful,0,2021-04-12,2021-04-13
1211,1132,21,39,successful,0,2021-04-12,2021-04-12
1212,1136,63,193,successful,0,2021-04-12,2021-04-12
1213,1239,27,505,successful,0,2021-04-12,2021-05-04
1214,1138,41,68,successful,0,2021-04-12,2021-04-12
1215,1111,302,375,pending,1,2021-04-12,2021-04-12
1216,1111,191,480,pending,1,2021-04-12,2021-04-12
1217,1080,149,292,pending,1,2021-04-12,2021-04-12
1218,1080,201,277,pending,1,2021-04-12,2021-04-12
1219,1080,191,480,pending,1,2021-04-12,2021-04-12
1220,1213,129,188,successful,0,2021-04-12,2021-04-27
1221,751,63,103,pending,1,2021-04-12,2021-04-12
1222,693,63,193,pending,1,2021-04-12,2021-04-12
1223,693,149,292,pending,1,2021-04-12,2021-04-12
1224,693,201,277,pending,1,2021-04-12,2021-04-12
1225,693,191,480,pending,1,2021-04-12,2021-04-12
1226,693,290,351,pending,1,2021-04-12,2021-04-12
1227,694,63,193,pending,1,2021-04-12,2021-04-12
1228,694,149,292,pending,1,2021-04-12,2021-04-12
1229,694,201,277,pending,1,2021-04-12,2021-04-12
1230,694,191,480,pending,1,2021-04-12,2021-04-12
1231,694,290,351,pending,1,2021-04-12,2021-04-12
1232,762,63,129,pending,1,2021-04-12,2021-04-12
1233,762,149,292,pending,1,2021-04-12,2021-04-12
1234,762,201,277,pending,1,2021-04-12,2021-04-12
1235,762,191,480,pending,1,2021-04-12,2021-04-12
1236,762,290,351,pending,1,2021-04-12,2021-04-12
1237,993,191,480,pending,1,2021-04-12,2021-04-12
1238,1005,302,375,pending,1,2021-04-12,2021-04-12
1239,1005,149,292,pending,1,2021-04-12,2021-04-12
1240,1005,201,277,pending,1,2021-04-12,2021-04-12
1241,1217,23,41,successful,0,2021-04-13,2021-04-28
1242,1146,83,136,successful,0,2021-04-13,2021-04-14
1243,1142,213,395,successful,0,2021-04-13,2021-04-13
1244,1141,213,347,successful,0,2021-04-13,2021-04-13
1245,1144,108,175,successful,0,2021-04-13,2021-04-13
1246,731,302,375,pending,1,2021-04-13,2021-04-13
1247,731,149,292,pending,1,2021-04-13,2021-04-13
1248,731,201,277,pending,1,2021-04-13,2021-04-13
1249,731,191,480,pending,1,2021-04-13,2021-04-13
1250,731,290,351,pending,1,2021-04-13,2021-04-13
1251,844,63,129,pending,1,2021-04-13,2021-04-13
1252,844,201,277,pending,1,2021-04-13,2021-04-13
1253,830,63,129,pending,1,2021-04-13,2021-04-13
1254,830,149,292,pending,1,2021-04-13,2021-04-13
1255,830,201,277,pending,1,2021-04-13,2021-04-13
1256,830,191,480,pending,1,2021-04-13,2021-04-13
1257,830,290,351,pending,1,2021-04-13,2021-04-13
1258,1086,302,375,pending,1,2021-04-13,2021-04-13
1259,1086,149,292,pending,1,2021-04-13,2021-04-13
1260,1086,201,277,pending,1,2021-04-13,2021-04-13
1261,1086,290,351,pending,1,2021-04-13,2021-04-13
1262,1152,23,41,successful,0,2021-04-13,2021-04-14
1263,1145,23,41,successful,0,2021-04-14,2021-04-14
1264,1143,7,8,successful,0,2021-04-14,2021-04-14
1265,1147,213,347,successful,0,2021-04-14,2021-04-14
1266,1148,213,347,successful,0,2021-04-14,2021-04-14
1267,1149,213,347,successful,0,2021-04-14,2021-04-15
1268,1150,213,347,successful,0,2021-04-14,2021-04-15
1269,1154,58,94,successful,0,2021-04-15,2021-04-15
1270,1155,58,94,successful,0,2021-04-15,2021-04-15
1271,1155,8,9,successful,0,2021-04-15,2021-04-15
1272,1154,8,9,successful,0,2021-04-15,2021-04-15
1273,1151,63,129,pending,1,2021-04-15,2021-04-15
1274,1151,149,292,pending,1,2021-04-15,2021-04-15
1275,1151,201,277,pending,1,2021-04-15,2021-04-15
1276,1151,191,480,pending,1,2021-04-15,2021-04-15
1277,1152,149,292,pending,1,2021-04-15,2021-04-15
1278,1152,201,277,pending,1,2021-04-15,2021-04-15
1279,1122,302,375,pending,1,2021-04-15,2021-04-15
1280,1122,149,292,pending,1,2021-04-15,2021-04-15
1281,1122,201,277,pending,1,2021-04-15,2021-04-15
1282,1122,191,480,pending,1,2021-04-15,2021-04-15
1283,1122,290,351,pending,1,2021-04-15,2021-04-15
1284,1142,302,375,pending,1,2021-04-15,2021-04-15
1285,1142,149,292,pending,1,2021-04-15,2021-04-15
1286,1142,201,277,pending,1,2021-04-15,2021-04-15
1287,1142,191,480,pending,1,2021-04-15,2021-04-15
1288,1142,290,351,pending,1,2021-04-15,2021-04-15
1289,1160,213,347,successful,0,2021-04-15,2021-04-16
1290,1151,116,315,successful,0,2021-04-15,2021-04-15
1291,1139,116,315,successful,0,2021-04-15,2021-04-15
1292,0,116,315,pending,0,2021-04-15,2021-04-15
1293,0,116,315,successful,0,2021-04-15,2021-04-15
1294,236,116,315,successful,0,2021-04-15,2021-04-15
1295,193,116,315,successful,0,2021-04-15,2021-04-15
1296,1128,38,65,successful,0,2021-04-16,2021-04-16
1297,1157,65,504,successful,0,2021-04-16,2021-04-16
1298,1158,65,504,successful,0,2021-04-16,2021-04-16
1299,861,302,375,pending,1,2021-04-16,2021-04-16
1300,1161,213,347,successful,0,2021-04-17,2021-04-17
1301,1204,44,231,successful,0,2021-04-17,2021-04-26
1302,1164,27,505,successful,0,2021-04-18,2021-04-19
1303,1163,21,39,successful,0,2021-04-19,2021-04-19
1304,1167,50,297,successful,0,2021-04-19,2021-04-19
1305,1168,50,297,successful,0,2021-04-19,2021-04-19
1306,1166,22,510,successful,0,2021-04-19,2021-04-19
1307,1171,22,510,successful,0,2021-04-19,2021-04-19
1308,1077,302,375,pending,1,2021-04-19,2021-04-19
1309,1077,149,292,pending,1,2021-04-19,2021-04-19
1310,1077,201,277,pending,1,2021-04-19,2021-04-19
1311,1077,191,480,pending,1,2021-04-19,2021-04-19
1312,1077,290,351,pending,1,2021-04-19,2021-04-19
1313,1092,290,351,pending,1,2021-04-19,2021-04-19
1314,1083,302,375,pending,1,2021-04-19,2021-04-19
1315,1083,149,292,pending,1,2021-04-19,2021-04-19
1316,1083,191,480,pending,1,2021-04-19,2021-04-19
1317,1083,290,351,pending,1,2021-04-19,2021-04-19
1318,1087,191,480,pending,1,2021-04-19,2021-04-19
1319,1088,302,375,pending,1,2021-04-19,2021-04-19
1320,1088,149,292,pending,1,2021-04-19,2021-04-19
1321,1088,201,277,pending,1,2021-04-19,2021-04-19
1322,1088,191,480,pending,1,2021-04-19,2021-04-19
1323,1090,191,480,pending,1,2021-04-19,2021-04-19
1324,1090,290,351,pending,1,2021-04-19,2021-04-19
1325,1162,66,106,successful,0,2021-04-20,2021-04-20
1326,1170,3,525,successful,0,2021-04-20,2021-04-20
1327,1169,3,525,successful,0,2021-04-20,2021-04-20
1328,1218,7,8,successful,0,2021-04-20,2021-04-28
1329,1172,23,41,successful,0,2021-04-20,2021-04-20
1330,1137,23,41,successful,0,2021-04-20,2021-04-20
1331,1176,22,469,successful,0,2021-04-20,2021-04-20
1332,1089,63,129,pending,1,2021-04-20,2021-04-20
1333,1089,149,292,pending,1,2021-04-20,2021-04-20
1334,1089,201,277,pending,1,2021-04-20,2021-04-20
1335,1089,191,480,pending,1,2021-04-20,2021-04-20
1336,1089,290,351,pending,1,2021-04-20,2021-04-20
1337,1091,63,193,pending,1,2021-04-20,2021-04-20
1338,1091,149,292,pending,1,2021-04-20,2021-04-20
1339,1091,191,480,pending,1,2021-04-20,2021-04-20
1340,1047,63,193,pending,1,2021-04-20,2021-04-20
1341,1094,63,193,pending,1,2021-04-20,2021-04-20
1342,1094,149,292,pending,1,2021-04-20,2021-04-20
1343,1094,191,480,pending,1,2021-04-20,2021-04-20
1344,1100,63,193,pending,1,2021-04-20,2021-04-20
1345,1100,149,292,pending,1,2021-04-20,2021-04-20
1346,879,63,129,pending,1,2021-04-20,2021-04-20
1347,879,149,292,pending,1,2021-04-20,2021-04-20
1348,879,201,277,pending,1,2021-04-20,2021-04-20
1349,879,191,480,pending,1,2021-04-20,2021-04-20
1350,879,290,351,pending,1,2021-04-20,2021-04-20
1351,1101,201,277,pending,1,2021-04-20,2021-04-20
1352,1177,376,518,successful,0,2021-04-20,2021-04-20
1353,1178,213,299,successful,0,2021-04-20,2021-04-20
1354,1220,213,347,successful,0,2021-04-21,2021-04-28
1355,1182,213,299,successful,0,2021-04-21,2021-04-21
1356,1026,213,299,successful,0,2021-04-21,2021-04-21
1357,0,116,315,pending,0,2021-04-21,2021-04-21
1358,1183,213,299,successful,0,2021-04-21,2021-04-21
1359,600,302,375,pending,1,2021-04-21,2021-04-21
1360,600,149,292,pending,1,2021-04-21,2021-04-21
1361,600,201,277,pending,1,2021-04-21,2021-04-21
1362,600,191,480,pending,1,2021-04-21,2021-04-21
1363,1107,63,193,pending,1,2021-04-21,2021-04-21
1364,1107,149,292,pending,1,2021-04-21,2021-04-21
1365,1107,201,277,pending,1,2021-04-21,2021-04-21
1366,1107,191,480,pending,1,2021-04-21,2021-04-21
1367,1107,290,351,pending,1,2021-04-21,2021-04-21
1368,1114,63,193,pending,1,2021-04-21,2021-04-21
1369,1114,191,480,pending,1,2021-04-21,2021-04-21
1370,1114,290,351,pending,1,2021-04-21,2021-04-21
1371,668,191,480,pending,1,2021-04-21,2021-04-21
1372,668,290,351,pending,1,2021-04-21,2021-04-21
1373,1116,191,480,pending,1,2021-04-21,2021-04-21
1374,1185,7,8,successful,0,2021-04-22,2021-04-22
1375,1184,67,354,successful,0,2021-04-22,2021-04-22
1376,1187,330,495,successful,0,2021-04-22,2021-04-22
1377,1188,108,309,successful,0,2021-04-22,2021-04-22
1378,1193,213,299,successful,0,2021-04-22,2021-04-22
1379,1192,213,299,successful,0,2021-04-22,2021-04-22
1380,1216,108,175,successful,0,2021-04-22,2021-04-27
1381,1173,255,336,successful,0,2021-04-23,2021-04-23
1382,1181,22,469,successful,0,2021-04-23,2021-04-23
1383,1191,22,469,successful,0,2021-04-23,2021-04-23
1384,1231,128,267,successful,0,2021-04-23,2021-04-29
1385,1153,302,375,pending,1,2021-04-23,2021-04-23
1386,1153,149,292,pending,1,2021-04-23,2021-04-23
1387,1153,201,277,pending,1,2021-04-23,2021-04-23
1388,1153,191,480,pending,1,2021-04-23,2021-04-23
1389,1153,290,351,pending,1,2021-04-23,2021-04-23
1390,1125,149,292,pending,1,2021-04-23,2021-04-23
1391,1125,191,480,pending,1,2021-04-23,2021-04-23
1392,1125,290,351,pending,1,2021-04-23,2021-04-23
1393,1126,290,351,pending,1,2021-04-23,2021-04-23
1394,1126,191,480,pending,1,2021-04-23,2021-04-23
1395,1126,302,375,pending,1,2021-04-23,2021-04-23
1396,1232,128,267,successful,0,2021-04-23,2021-04-29
1397,1127,302,375,pending,1,2021-04-23,2021-04-23
1398,1127,191,480,pending,1,2021-04-23,2021-04-23
1399,1127,290,351,pending,1,2021-04-23,2021-04-23
1400,1230,128,267,successful,0,2021-04-23,2021-04-29
1401,1195,128,187,successful,0,2021-04-23,2021-04-23
1402,1189,117,238,successful,0,2021-04-23,2021-04-23
1403,1201,67,354,successful,0,2021-04-24,2021-04-26
1404,1215,27,505,successful,0,2021-04-25,2021-04-27
1405,1196,7,8,successful,0,2021-04-25,2021-04-25
1406,1198,458,537,successful,0,2021-04-25,2021-04-25
1407,1199,67,512,successful,0,2021-04-25,2021-04-25
1408,1200,458,537,successful,0,2021-04-26,2021-04-26
1409,1179,22,469,successful,0,2021-04-26,2021-04-26
1410,1186,22,469,successful,0,2021-04-26,2021-04-26
1411,1206,26,387,successful,0,2021-04-26,2021-04-26
1412,1205,26,387,successful,0,2021-04-26,2021-04-26
1413,1202,7,8,successful,0,2021-04-26,2021-04-26
1414,1203,213,395,successful,0,2021-04-26,2021-04-26
1415,1210,97,242,successful,0,2021-04-26,2021-04-26
1416,1135,302,375,pending,1,2021-04-26,2021-04-26
1417,1135,149,292,pending,1,2021-04-26,2021-04-26
1418,1135,201,277,pending,1,2021-04-26,2021-04-26
1419,1135,191,480,pending,1,2021-04-26,2021-04-26
1420,1138,149,292,pending,1,2021-04-26,2021-04-26
1421,1138,191,480,pending,1,2021-04-26,2021-04-26
1422,1146,63,193,pending,1,2021-04-26,2021-04-26
1423,1146,149,292,pending,1,2021-04-26,2021-04-26
1424,1146,191,480,pending,1,2021-04-26,2021-04-26
1425,1208,458,537,successful,0,2021-04-26,2021-04-27
1426,1207,97,242,successful,0,2021-04-26,2021-04-26
1427,1209,458,537,successful,0,2021-04-26,2021-04-27
1428,1211,458,537,successful,0,2021-04-27,2021-04-27
1429,1156,149,292,pending,1,2021-04-27,2021-04-27
1430,1118,149,292,pending,1,2021-04-27,2021-04-27
1431,1190,21,39,successful,0,2021-04-27,2021-04-27
1432,1212,184,488,successful,0,2021-04-27,2021-04-27
1433,1214,7,8,successful,0,2021-04-27,2021-04-27
1434,1226,213,347,successful,0,2021-04-27,2021-04-30
1435,1227,44,76,successful,0,2021-04-27,2021-04-28
1436,1228,105,172,successful,0,2021-04-27,2021-04-28
1437,1140,149,292,pending,1,2021-04-28,2021-04-28
1438,1221,458,537,successful,0,2021-04-28,2021-04-28
1439,1222,458,537,successful,0,2021-04-28,2021-04-28
1440,1223,458,537,successful,0,2021-04-28,2021-04-28
1441,1225,23,41,successful,0,2021-04-28,2021-04-28
1442,0,30,51,pending,0,2021-04-28,2021-04-28
1443,1224,7,8,successful,0,2021-04-29,2021-04-29
1444,1109,302,375,pending,1,2021-04-29,2021-04-29
1445,1229,23,41,successful,0,2021-04-29,2021-04-29
1446,1233,7,8,successful,0,2021-04-29,2021-04-30
1447,1234,7,8,successful,0,2021-04-29,2021-04-30
1448,0,213,347,successful,0,2021-04-29,2021-04-29
1449,0,105,172,disinterested,0,2021-04-29,2021-04-29
1450,0,27,505,successful,0,2021-04-30,2021-04-30
1451,1236,22,40,successful,0,2021-04-30,2021-04-30
1452,1240,213,395,successful,0,2021-04-30,2021-05-02
1453,1237,23,41,successful,0,2021-05-01,2021-05-01
1454,0,7,8,pending,0,2021-05-01,2021-05-01
1455,0,14,26,pending,0,2021-05-02,2021-05-02
1456,1238,184,327,successful,0,2021-05-03,2021-05-03
1457,1159,21,39,successful,0,2021-05-03,2021-05-03
1458,1241,21,39,successful,0,2021-05-03,2021-05-03
1459,1242,22,510,successful,0,2021-05-04,2021-05-05
1460,1243,22,510,pending,0,2021-05-04,2021-05-04
1461,1245,7,8,successful,0,2021-05-04,2021-05-04
1462,1152,117,238,successful,0,2021-05-04,2021-05-04
1463,1247,26,387,successful,0,2021-05-04,2021-05-04
1464,1246,22,469,successful,0,2021-05-04,2021-05-04
1465,0,116,315,pending,0,2021-05-04,2021-05-04
1466,1180,519,570,successful,0,2021-05-05,2021-05-05
1467,1235,519,570,successful,0,2021-05-05,2021-05-05
1468,0,184,327,pending,0,2021-05-05,2021-05-05
1469,1248,67,571,successful,0,2021-05-05,2021-05-05
1470,0,51,84,pending,0,2021-05-05,2021-05-05
